Product,Brand,Country Origin,Supplier (if available)
Binoculars (Budget),"Tasco, Simmons",China,Local Chinese Manufacturers (Unnamed)
Binoculars (High-End),Bushnell,"Japan, Philippines, Taiwan","Light Optical Works, Scopro Optical (inferred)"
Riflescopes (Budget),"Tasco, Simmons",China,Local Chinese Manufacturers (Unnamed)
Riflescopes (Premium),"Bushnell, Weaver","Japan, Philippines, Taiwan","Light Optical Works, Scopro Optical (inferred)"
Mounts and Rings,Weaver,"USA (Oroville, CA)","Weaver (in-house, USA)"
Red Dots/Aiming Sights,"Bushnell, Tasco",China,Local Chinese Manufacturers (Unnamed)
Spotting Scopes,"Bushnell, Simmons","China (Budget), Japan/Philippines (Premium)","Local Chinese, Scopro Optical (inferred)"
Trail Cameras,Bushnell,China,"OmniVision, Sony (Sensors, inferred)"
Golf Rangefinders/GPS Devices,Bushnell Golf,"China, Taiwan, Philippines","Display and electronics manufacturers (unnamed, possibly Sony, OmniVision)"
